id,cluster
Zn1Cl2_sg143_icsd_151889_1,335
Zn1Sb2S6_sg163_icsd_050381_1,335
Mg1Hf1Cl2S2_sg166_icsd_085781_3,335
Zn1Cl2_sg2_icsd_081814_1,335
Mg1Cl2_sg143_icsd_151889_1,335
Zn1Br2_sg164_icsd_280743_1,335
Mg1Cl2_sg164_icsd_280743_1,335
Mg1Br2_sg8_icsd_061423_1,335
Mg1Br2_sg15_icsd_042134_1,335
Zn1Cl2_sg14_icsd_421221_1,335
Mg1Br2_sg166_icsd_024757_1,335
Zn1I2_sg14_icsd_421221_1,335
Zn1Cl2_sg12_icsd_023892_1,335
Zn1I2_sg164_icsd_020745_1,335
Zn1Ti1Br2S2_sg166_icsd_085781_3,335
Mg1Cl2_sg12_icsd_023892_1,335
Zn1Br2_sg147_icsd_058847_1,335
Zn1Cl2_sg164_icsd_020745_1,335
Mg1Cl2_sg2_icsd_051572_1,335
Zn1I2_sg186_icsd_043003_1,335
Zn1Br2_sg143_icsd_200593_1,335
Mg1Cl2_sg166_icsd_024757_1,335
Mg1Cl2_sg147_icsd_058847_1,335
Mg1Br2_sg143_icsd_151889_1,335
Mg1Br2_sg164_icsd_280743_1,335
Mg1Br2_sg147_icsd_058847_1,335
Zn1I2_sg5_icsd_068713_1,335
Zn1Br2_sg164_icsd_020745_1,335
Zn1Cl2_sg2_icsd_051572_1,335
Zn1Cl2_sg166_icsd_024755_1,335
Zn1I2_sg164_icsd_108924_1,335
Zn1I2_sg164_icsd_280743_1,335
Mg1Cl2_sg70_icsd_418163_1,335
Zn1Br2_sg12_icsd_023892_1,335
Zn1Br2_sg164_icsd_651214_1,335
Zn1Sb2S6_sg164_icsd_030348_1,335
Mg1Br2_sg2_icsd_051572_1,335
Zn1Cl2_sg166_icsd_024757_1,335
Zn1Cl2_sg71_icsd_038274_1,335
Zn1Sb2S6_sg148_icsd_078683_1,335
Zn1Br2_sg143_icsd_151889_1,335
Zn1Sb2S6_sg148_icsd_156662_1,335
Zn1Br2_sg164_icsd_108924_1,335
Zn1I2_sg166_icsd_078698_1,335
Zn1I2_sg71_icsd_038274_1,335
Mg1Br2_sg164_icsd_108924_1,335
Mg1Cl2_sg186_icsd_043003_1,335
Mg1Br2_sg164_icsd_651214_1,335
Mg1Br2_sg164_icsd_020745_1,335
Mg1Cl2_sg166_icsd_024755_1,335
Zn1I2_sg12_icsd_023892_1,335
Zn1Cl2_sg164_icsd_651214_1,335
Mg1Cl2_sg164_icsd_108924_1,335
Zn1Cl2_sg164_icsd_108924_1,335
Zn1I2_sg147_icsd_058847_1,335
Zn1Br2_sg2_icsd_051572_1,335
Mg1Cl2_sg164_icsd_020745_1,335
Zn1Sb2S6_sg148_icsd_078684_1,335
Mg1Br2_sg186_icsd_043003_1,335
Zn1Cl2_sg164_icsd_280743_1,335
Zn1Cl2_sg147_icsd_058847_1,335
Mg1Br2_sg166_icsd_024755_1,335
Mg1Br2_sg2_icsd_081814_1,335
Zn1I2_sg143_icsd_151889_1,335
Mg1Br2_sg12_icsd_023892_1,335
Zn1I2_sg8_icsd_061423_1,335
Zn1Br2_sg164_icsd_020390_1,335
Zn1Cl2_sg186_icsd_043003_1,335
Zn1Ti1Br2S2_sg166_icsd_085781_2,335
Mg1Hf1Cl2S2_sg166_icsd_085781_2,335
Zn1Br2_sg186_icsd_043003_1,335
Zn1Br2_sg166_icsd_024757_1,335
Mg1Cl2_sg2_icsd_081814_1,335
Zn1I2_sg2_icsd_051572_1,335
Zn1Br2_sg166_icsd_024755_1,335
Mg1Cl2_sg164_icsd_651214_1,335
Na3Al1O3_sg221_icsd_018320_1,7022
Zn3F3P1_sg200_icsd_000426_2,7022
Mg3Cl3P1_sg221_icsd_202075_2,7022
Mg3Cl3P1_sg200_icsd_000426_1,7022
Mg3Cl3P1_sg221_icsd_018320_2,7022
Mg3Br3N1_sg221_icsd_018320_2,7022
Mg3Br3N1_sg221_icsd_018320_1,7022
Li3W1P3_sg200_icsd_000426_1,7022
Mg3I3P1_sg200_icsd_000426_2,7022
Li3W1P3_sg221_icsd_018320_1,7022
Mg3La1N3_sg221_icsd_202075_1,7022
Zn3F3P1_sg221_icsd_018320_1,7022
Li3La1S3_sg221_icsd_018320_2,7022
K3Y1O3_sg200_icsd_000426_1,7022
Li3W1P3_sg221_icsd_018320_2,7022
Mg3I3P1_sg221_icsd_202075_2,7022
Na3B1S3_sg221_icsd_018320_2,7022
Zn3Sc1P3_sg221_icsd_018320_2,7022
Mg3I3P1_sg221_icsd_018320_1,7022
Mg3I3P1_sg200_icsd_000426_1,7022
Na3B1S3_sg221_icsd_202075_1,7022
Li3La1S3_sg200_icsd_000426_1,7022
Mg3Br3N1_sg221_icsd_202075_1,7022
Li3La1S3_sg221_icsd_018320_1,7022
Zn3Sc1P3_sg221_icsd_202075_1,7022
Na3B1S3_sg221_icsd_202075_2,7022
Zn3F3P1_sg200_icsd_000426_1,7022
Zn3F3P1_sg221_icsd_018320_2,7022
Mg3Cl3P1_sg62_icsd_181008_2,7022
Mg3Cl3P1_sg160_icsd_048133_2,7022
Zn3Sc1P3_sg200_icsd_000426_2,7022
K3Y1O3_sg221_icsd_202075_2,7022
Na3Al1O3_sg221_icsd_202075_1,7022
Mg3La1N3_sg200_icsd_000426_2,7022
Li3W1P3_sg221_icsd_202075_1,7022
Na3Al1O3_sg200_icsd_000426_1,7022
Li3La1S3_sg200_icsd_000426_2,7022
Na3Al1O3_sg221_icsd_202075_2,7022
Mg3Br3N1_sg221_icsd_202075_2,7022
K3Y1O3_sg221_icsd_018320_1,7022
Mg3La1N3_sg221_icsd_018320_1,7022
Mg3I3P1_sg221_icsd_018320_2,7022
Na3Al1O3_sg200_icsd_000426_2,7022
Mg3Cl3P1_sg221_icsd_202075_1,7022
Na3B1S3_sg221_icsd_018320_1,7022
K3Y1O3_sg221_icsd_202075_1,7022
Mg3Cl3P1_sg221_icsd_018320_1,7022
Zn3Sc1P3_sg200_icsd_000426_1,7022
Zn3F3P1_sg221_icsd_202075_2,7022
Zn3Sc1P3_sg221_icsd_018320_1,7022
Na3B1S3_sg200_icsd_000426_2,7022
K3Y1O3_sg200_icsd_000426_2,7022
Li3W1P3_sg200_icsd_000426_2,7022
Li3La1S3_sg221_icsd_202075_1,7022
Mg3La1N3_sg221_icsd_018320_2,7022
Na3B1S3_sg200_icsd_000426_1,7022
Mg3Br3N1_sg200_icsd_000426_1,7022
Mg3I3P1_sg221_icsd_202075_1,7022
Mg3Br3N1_sg200_icsd_000426_2,7022
Zn3Sc1P3_sg221_icsd_202075_2,7022
Mg3La1N3_sg221_icsd_202075_2,7022
Li1Cd2Cl3S1_sg127_icsd_261184_1,7022
Na3Al1O3_sg221_icsd_018320_2,7022
Zn3F3P1_sg221_icsd_202075_1,7022
Li3La1S3_sg221_icsd_202075_2,7022
Mg3Cl3P1_sg200_icsd_000426_2,7022
Li3W1P3_sg221_icsd_202075_2,7022
K3Y1O3_sg221_icsd_018320_2,7022
Na1Al1O2_sg13_icsd_016646_2,1
Na1Al1O2_sg15_icsd_056836_1,1
Na1Al1O2_sg164_icsd_044340_2,1
K1Y1O2_sg166_icsd_073482_2,1
Na1Al1O2_sg180_icsd_090403_2,1
K1Y1O2_sg164_icsd_044340_1,1
Na1Al1O2_sg12_icsd_082993_1,1
K1Y1O2_sg5_icsd_085130_2,1
Na1Al1O2_sg12_icsd_030011_2,1
Na1Al1O2_sg71_icsd_170343_2,1
Na1Al1O2_sg2_icsd_015098_1,1
Na1Al1O2_sg12_icsd_082993_2,1
Na1Al1O2_sg5_icsd_416669_1,1
Na1Al1O2_sg166_icsd_073482_1,1
K1Y1O2_sg15_icsd_056836_1,1
Na1Al1O2_sg12_icsd_165326_1,1
Na1Al1O2_sg15_icsd_056836_2,1
K1Y1O2_sg154_icsd_069739_2,1
K1Y1O2_sg3_icsd_152619_1,1
Na1Al1O2_sg9_icsd_016578_1,1
Na1Al1O2_sg166_icsd_073482_2,1
Na1Al1O2_sg71_icsd_170341_2,1
Na1Al1O2_sg14_icsd_093880_1,1
Na1Al1O2_sg164_icsd_044340_1,1
Na1Al1O2_sg8_icsd_026764_2,1
Na1Al1O2_sg71_icsd_053234_2,1
K1Y1O2_sg9_icsd_016578_2,1
K1Y1O2_sg194_icsd_000262_2,1
Na1Al1O2_sg51_icsd_069767_1,1
K1Y1O2_sg12_icsd_030011_2,1
K1Y1O2_sg5_icsd_085130_1,1
Na1Al1O2_sg166_icsd_088573_2,1
Na1Al1O2_sg154_icsd_069739_2,1
Na1Al1O2_sg6_icsd_164853_2,1
K1Y1O2_sg23_icsd_037026_1,1
Na1Al1O2_sg9_icsd_016578_2,1
K1Y1O2_sg154_icsd_069739_1,1
Na1Al1O2_sg2_icsd_015098_2,1
Na1Al1O2_sg3_icsd_152619_2,1
Na1Al1O2_sg6_icsd_164853_1,1
Na1Al1O2_sg14_icsd_093880_2,1
Na1Al1O2_sg5_icsd_085130_1,1
Na1Al1O2_sg154_icsd_069739_1,1
K1Y1O2_sg164_icsd_044340_2,1
Na1Al1O2_sg5_icsd_085130_2,1
K1Y1O2_sg65_icsd_009389_2,1
K1Y1O2_sg9_icsd_016578_1,1
K1Y1O2_sg15_icsd_056836_2,1
K1Y1O2_sg166_icsd_073482_1,1
K1Y1O2_sg3_icsd_152619_2,1
Na1Al1O2_sg3_icsd_152619_1,1
Na1Al1O2_sg8_icsd_169981_2,1
Na1Al1O2_sg12_icsd_165326_2,1
Li4Br1P1_sg16_icsd_015910_2,1698
Li4Br1P1_sg13_icsd_030874_1,1698
Li4Br1P1_sg11_icsd_093052_2,1698
Li4Br1P1_sg18_icsd_085500_1,1698
Li4Br1P1_sg14_icsd_071455_2,1698
Li4Br1P1_sg85_icsd_072396_1,1698
Li4Br1P1_sg112_icsd_035050_2,1698
Li4Br1P1_sg186_icsd_023765_2,1698
Li4Br1P1_sg120_icsd_026105_2,1698
Li4Br1P1_sg31_icsd_065882_2,1698
Li4Br1P1_sg11_icsd_418802_2,1698
Li4Br1P1_sg13_icsd_030874_2,1698
Li4Br1P1_sg15_icsd_202458_2,1698
Li4Br1P1_sg140_icsd_009929_1,1698
Li4Br1P1_sg180_icsd_086316_2,1698
Li4Br1P1_sg15_icsd_168525_1,1698
Li4Br1P1_sg112_icsd_035050_1,1698
Li4Br1P1_sg112_icsd_165608_2,1698
Li4Br1P1_sg15_icsd_168525_2,1698
Li4Br1P1_sg60_icsd_000389_2,1698
Li4Br1P1_sg12_icsd_000821_1,1698
Li4Br1P1_sg82_icsd_400817_1,1698
Li4Br1P1_sg2_icsd_016125_2,1698
Li4Br1P1_sg20_icsd_098380_2,1698
Li4Br1P1_sg5_icsd_000937_1,1698
Li4Br1P1_sg112_icsd_300103_1,1698
Li4Br1P1_sg140_icsd_016633_1,1698
Li4Br1P1_sg140_icsd_016633_2,1698
Li4Br1P1_sg70_icsd_200231_1,1698
Li4Br1P1_sg2_icsd_016125_1,1698
Li4Br1P1_sg85_icsd_072396_2,1698
Li4Br1P1_sg112_icsd_165608_1,1698
Li4Br1P1_sg5_icsd_000937_2,1698
Li4Br1P1_sg12_icsd_000821_2,1698
Li4Br1P1_sg14_icsd_073588_2,1698
Li4Br1P1_sg18_icsd_085500_2,1698
Li4Br1P1_sg10_icsd_104188_2,1698
Li4Br1P1_sg140_icsd_009929_2,1698
Li4Br1P1_sg11_icsd_060525_2,1698
Li4Br1P1_sg15_icsd_413993_2,1698
Li4Br1P1_sg65_icsd_016492_1,1698
Li4Br1P1_sg10_icsd_104188_1,1698
Li4Br1P1_sg70_icsd_200231_2,1698
Li4Br1P1_sg65_icsd_016492_2,1698
Li4Br1P1_sg11_icsd_018176_1,1698
Li4Br1P1_sg120_icsd_026105_1,1698
Mg1S1_sg131_icsd_654379_1,3683
Li1F1_sg86_icsd_056181_1,3683
K1Cl1_sg131_icsd_024692_1,3683
K1Cl1_sg86_icsd_056181_1,3683
K1Br1_sg131_icsd_654379_2,3683
K1Cl1_sg131_icsd_654379_2,3683
Mg1S1_sg86_icsd_056181_1,3683
Mg1O1_sg131_icsd_654379_1,3683
Li1F1_sg131_icsd_024692_1,3683
K1Br1_sg138_icsd_024619_2,3683
Li1I1_sg138_icsd_024619_2,3683
Li1Br1_sg131_icsd_654379_1,3683
K1Br1_sg131_icsd_654379_1,3683
Na1Cl1_sg131_icsd_024692_2,3683
Li1Br1_sg131_icsd_024692_1,3683
Li1I1_sg131_icsd_654379_1,3683
Na1F1_sg86_icsd_056181_2,3683
Na1Cl1_sg131_icsd_024692_1,3683
Na1F1_sg86_icsd_056181_1,3683
Li1I1_sg86_icsd_056181_1,3683
Mg1S1_sg138_icsd_024619_1,3683
Li1F1_sg131_icsd_654379_1,3683
Li1I1_sg131_icsd_024692_1,3683
Zn1S1_sg131_icsd_654379_1,3683
K1Br1_sg86_icsd_056181_1,3683
Na1F1_sg131_icsd_654379_1,3683
K1Cl1_sg131_icsd_654379_1,3683
K1Cl1_sg131_icsd_024692_2,3683
Na1F1_sg131_icsd_024692_2,3683
Na1Cl1_sg86_icsd_056181_1,3683
Na1F1_sg131_icsd_654379_2,3683
Zn1S1_sg131_icsd_024692_1,3683
Mg1O1_sg86_icsd_056181_1,3683
Mg1S1_sg131_icsd_024692_1,3683
Li1Br1_sg86_icsd_056181_1,3683
K1Br1_sg131_icsd_024692_2,3683
K1Br1_sg131_icsd_024692_1,3683
Na1F1_sg131_icsd_024692_1,3683
Mg1O1_sg131_icsd_024692_1,3683
Na1Cl1_sg131_icsd_654379_1,3683
K1Cl1_sg86_icsd_056181_2,3683
Zn1Sn1S3_sg140_icsd_009856_2,3488
Zn1Ge1O3_sg140_icsd_009856_1,3488
Mg1Ti1O3_sg123_icsd_109327_2,3488
Zn1Ge1O3_sg140_icsd_009856_2,3488
Na1Cd1I3_sg140_icsd_009856_1,3488
K3F1O1_sg123_icsd_109327_1,3488
Zn1Sn1S3_sg123_icsd_109327_1,3488
Mg3N1P1_sg123_icsd_109327_1,3488
Mg1Si1O3_sg140_icsd_009856_2,3488
Mg1Hf1O3_sg123_icsd_109327_1,3488
Mg1Hf1O3_sg140_icsd_009856_2,3488
K3F1O1_sg140_icsd_009856_2,3488
Na1Cd1I3_sg123_icsd_109327_1,3488
Na1Sb1O3_sg123_icsd_109327_2,3488
Na1Sb1O3_sg123_icsd_109327_1,3488
Mg1Hf1O3_sg140_icsd_009856_1,3488
K3F1O1_sg123_icsd_109327_2,3488
Na1Sb1O3_sg140_icsd_009856_2,3488
Mg1Ti1O3_sg140_icsd_009856_2,3488
K1Cd1Cl3_sg140_icsd_009856_1,3488
Zn1Zr1S3_sg140_icsd_009856_1,3488
Mg1Ti1O3_sg123_icsd_109327_1,3488
K1Cd1Cl3_sg140_icsd_009856_2,3488
Zn1Ge1O3_sg123_icsd_109327_2,3488
Li1Hg1Br3_sg140_icsd_009856_1,3488
Mg1Hf1O3_sg123_icsd_109327_2,3488
Zn1Zr1S3_sg140_icsd_009856_2,3488
Na1Sb1O3_sg140_icsd_009856_1,3488
Mg3N1P1_sg140_icsd_009856_2,3488
Li1Hg1Br3_sg140_icsd_009856_2,3488
Na1Cd1I3_sg140_icsd_009856_2,3488
K3F1O1_sg140_icsd_009856_1,3488
Mg1Si1O3_sg140_icsd_009856_1,3488
Zn1Ge1O3_sg123_icsd_109327_1,3488
Zn1Sn1S3_sg140_icsd_009856_1,3488
Mg1Ti1O3_sg140_icsd_009856_1,3488
Na1Cd1I3_sg123_icsd_109327_2,3488
Mg1F2_sg58_icsd_027490_1,146
Li1Sc1Cl4_sg55_icsd_020504_2,146
Zn1F2_sg52_icsd_062664_1,146
Li1Sc1Cl4_sg65_icsd_026428_1,146
Mg1F2_sg58_icsd_633255_1,146
Mg1F2_sg10_icsd_089471_1,146
Na1La1Cl4_sg52_icsd_410194_2,146
Na1La1Cl4_sg11_icsd_093052_1,146
Zn1F2_sg142_icsd_413281_1,146
Na1La1Cl4_sg55_icsd_020504_2,146
Na1La1Cl4_sg129_icsd_023691_2,146
Mg1F2_sg136_icsd_088057_1,146
Mg1Br2_sg136_icsd_168834_1,146
Mg1F2_sg64_icsd_090341_1,146
Na1La1Cl4_sg20_icsd_098380_1,146
Mg1F2_sg31_icsd_051238_1,146
Li1Sc1Cl4_sg74_icsd_026939_1,146
Zn1F2_sg10_icsd_089471_1,146
Zn1F2_sg14_icsd_009789_1,146
Zn1F2_sg34_icsd_042726_1,146
Mg1F2_sg14_icsd_009789_1,146
Li1Sc1Cl4_sg55_icsd_020504_1,146
Mg1F2_sg41_icsd_650384_1,146
Zn1F2_sg80_icsd_035181_1,146
Na2O1_sg80_icsd_035181_1,146
Mg1F2_sg55_icsd_043098_1,146
Zn1F2_sg14_icsd_421221_1,146
Zn1F2_sg122_icsd_002586_1,146
Mg1F2_sg136_icsd_168834_1,146
Zn1F2_sg58_icsd_027490_1,146
Mg1F2_sg80_icsd_035181_1,146
Li1Sc1Cl4_sg65_icsd_026428_2,146
Mg1F2_sg194_icsd_616265_1,146
Mg1F2_sg34_icsd_042726_1,146
Mg1F2_sg52_icsd_062664_1,146
Zn1F2_sg58_icsd_633255_1,146
Na1La1Cl4_sg60_icsd_411837_1,146
Zn1La2S4_sg2_icsd_082204_1,7374
Na2Zn1Br4_sg141_icsd_075532_1,7374
Li2W1S4_sg74_icsd_164167_1,7374
Na2Zn1Br4_sg92_icsd_184695_1,7374
Na1Zr1F1Cl4_sg74_icsd_072846_1,7374
Na2Zn1Br4_sg166_icsd_151457_1,7374
Zn2Ge1O4_sg141_icsd_075532_1,7374
Zn1La2S4_sg74_icsd_164167_1,7374
Zn1La2S4_sg92_icsd_184695_1,7374
Zn2Ge1O4_sg122_icsd_023486_1,7374
Li2W1S4_sg122_icsd_023486_1,7374
Mg2Si1S4_sg92_icsd_184695_1,7374
Zn2Ge1O4_sg141_icsd_084378_1,7374
Mg2Si1S4_sg166_icsd_151457_1,7374
Mg2Si1S4_sg141_icsd_075532_1,7374
Zn2Ge1O4_sg15_icsd_083490_1,7374
Zn1La2S4_sg166_icsd_151457_1,7374
Na2Zn1Br4_sg2_icsd_082204_1,7374
Mg2Si1S4_sg74_icsd_164167_1,7374
Zn2Ge1O4_sg92_icsd_184695_1,7374
Na2Zn1Br4_sg74_icsd_164167_1,7374
Mg2Si1S4_sg122_icsd_023486_1,7374
Li2W1S4_sg141_icsd_075532_1,7374
K2Hg1Cl4_sg2_icsd_082204_1,7374
Zn1La2S4_sg15_icsd_083490_1,7374
Mg2Si1S4_sg15_icsd_083490_1,7374
Zn1La2S4_sg141_icsd_075532_1,7374
Zn2Ge1O4_sg74_icsd_164167_1,7374
Zn2Ge1O4_sg166_icsd_151457_1,7374
Na2Zn1Br4_sg15_icsd_083490_1,7374
K2Hg1Cl4_sg92_icsd_184695_1,7374
K2Hg1Cl4_sg74_icsd_164167_1,7374
Mg2Si1S4_sg141_icsd_084378_1,7374
K2Hg1Cl4_sg166_icsd_151457_1,7374
Li2W1S4_sg92_icsd_184695_1,7374
Zn1La2S4_sg88_icsd_083386_1,7374
Mg1F2_sg166_icsd_024757_1,412
Zn1F2_sg12_icsd_023892_1,412
Zn1F2_sg186_icsd_043003_1,412
Mg1F2_sg12_icsd_023892_1,412
Zn1F2_sg143_icsd_151889_1,412
K2O1_sg2_icsd_051572_1,412
Zn1F2_sg164_icsd_280743_1,412
Mg1F2_sg2_icsd_051572_1,412
Mg1F2_sg164_icsd_020390_1,412
Mg1F2_sg164_icsd_651214_1,412
Mg1F2_sg147_icsd_058847_1,412
Mg1F2_sg166_icsd_078698_1,412
Mg1F2_sg2_icsd_081814_1,412
Zn1F2_sg164_icsd_020745_1,412
Zn1F2_sg12_icsd_075420_1,412
Na2O1_sg227_icsd_077473_1,412
Zn1F2_sg147_icsd_058847_1,412
Zn1F2_sg166_icsd_024755_1,412
K2O1_sg164_icsd_280743_1,412
Mg1F2_sg164_icsd_020745_1,412
K2O1_sg216_icsd_010510_1,412
Mg1F2_sg164_icsd_041670_1,412
Mg1F2_sg143_icsd_151889_1,412
Mg1F2_sg186_icsd_043003_1,412
Mg1F2_sg166_icsd_024755_1,412
Mg1F2_sg69_icsd_086810_1,412
Zn1F2_sg164_icsd_108924_1,412
Zn1F2_sg2_icsd_051572_1,412
Zn1F2_sg164_icsd_651214_1,412
Mg1F2_sg164_icsd_280743_1,412
K2O1_sg227_icsd_072042_1,412
Zn1F2_sg2_icsd_081814_1,412
Mg1F2_sg180_icsd_202668_1,412
Zn1F2_sg166_icsd_024757_1,412
Mg1F2_sg164_icsd_108924_1,412
Li4Cl1N1_sg13_icsd_082364_1,262
Li4Cl1N1_sg12_icsd_000821_2,262
Li4Cl1N1_sg120_icsd_026105_2,262
Li4Cl1N1_sg13_icsd_030874_1,262
Li4Cl1N1_sg15_icsd_009908_2,262
Li4Cl1N1_sg140_icsd_016633_2,262
Li4Cl1N1_sg6_icsd_261751_2,262
Li4Cl1N1_sg2_icsd_016125_2,262
Li4Cl1N1_sg85_icsd_072396_1,262
Li4Cl1N1_sg10_icsd_159273_2,262
Li4Cl1N1_sg15_icsd_168525_2,262
Li4Cl1N1_sg181_icsd_066999_2,262
Li4Cl1N1_sg13_icsd_033953_2,262
Li4Cl1N1_sg10_icsd_104188_1,262
Li4Cl1N1_sg120_icsd_026105_1,262
Li4Cl1N1_sg18_icsd_085500_2,262
Li4Cl1N1_sg140_icsd_009929_2,262
Li4Cl1N1_sg5_icsd_000937_2,262
Li4Cl1N1_sg15_icsd_202458_2,262
Li4Cl1N1_sg140_icsd_016633_1,262
Li4Cl1N1_sg11_icsd_093052_2,262
Li4Cl1N1_sg65_icsd_016492_2,262
Li4Cl1N1_sg5_icsd_000937_1,262
Li4Cl1N1_sg10_icsd_104188_2,262
Li4Cl1N1_sg10_icsd_159273_1,262
Li4Cl1N1_sg15_icsd_009908_1,262
Li4Cl1N1_sg13_icsd_030874_2,262
Li4Cl1N1_sg13_icsd_033953_1,262
Li4Cl1N1_sg1_icsd_010126_1,262
Li4Cl1N1_sg140_icsd_009929_1,262
Li4Cl1N1_sg12_icsd_000821_1,262
Li4Cl1N1_sg13_icsd_082364_2,262
Li4Cl1N1_sg65_icsd_016492_1,262
Li4Cl1N1_sg18_icsd_085500_1,262
Na1F1_sg141_icsd_108656_2,65
Li1F1_sg10_icsd_104782_2,65
Li1Br1_sg55_icsd_083350_2,65
Li1F1_sg10_icsd_104782_1,65
Li1F1_sg141_icsd_108656_2,65
Li1I1_sg141_icsd_108656_1,65
Mg1S1_sg141_icsd_108656_1,65
Li1I1_sg141_icsd_108656_2,65
Na1Cl1_sg141_icsd_108656_1,65
K3La2N3_sg134_icsd_085305_2,65
Li1F1_sg141_icsd_107516_1,65
Zn1S1_sg141_icsd_108656_1,65
Zn1S1_sg141_icsd_108656_2,65
Mg1O1_sg141_icsd_107516_2,65
Li1Br1_sg141_icsd_108656_1,65
Mg1O1_sg141_icsd_108656_2,65
Mg1O1_sg10_icsd_104782_1,65
Li1Br1_sg55_icsd_083350_1,65
Mg1O1_sg141_icsd_107516_1,65
Mg1O1_sg141_icsd_108656_1,65
Li1Br1_sg141_icsd_108656_2,65
Mg1S1_sg141_icsd_107516_1,65
Mg1S1_sg141_icsd_108656_2,65
Mg1O1_sg10_icsd_104782_2,65
Mg1S1_sg55_icsd_083350_2,65
Li1F1_sg141_icsd_108656_1,65
Na1F1_sg141_icsd_108656_1,65
Mg1S1_sg141_icsd_107516_2,65
Li1F1_sg55_icsd_083350_1,65
Li1F1_sg141_icsd_107516_2,65
Na1Cl1_sg141_icsd_108656_2,65
Na1F1_sg99_icsd_107010_1,3643
Mg1O1_sg85_icsd_028230_2,3643
Mg1S1_sg67_icsd_169297_2,3643
Mg1O1_sg99_icsd_107010_2,3643
Li1F1_sg67_icsd_169297_2,3643
Mg1S1_sg129_icsd_182250_2,3643
Mg1S1_sg67_icsd_165938_2,3643
Mg1O1_sg129_icsd_182250_2,3643
Li1F1_sg99_icsd_107010_1,3643
Li1F1_sg194_icsd_262069_2,3643
Mg1O1_sg64_icsd_160382_1,3643
Li1F1_sg85_icsd_028230_2,3643
Li1F1_sg25_icsd_659843_1,3643
Li1F1_sg67_icsd_165938_2,3643
Mg1O1_sg25_icsd_659843_1,3643
Li1F1_sg67_icsd_182545_1,3643
Li1F1_sg25_icsd_659843_2,3643
Mg1O1_sg67_icsd_169297_2,3643
Mg1S1_sg85_icsd_028230_2,3643
Mg1O1_sg99_icsd_107010_1,3643
Mg1O1_sg67_icsd_165938_2,3643
Li1F1_sg99_icsd_107010_2,3643
Li1Br1_sg85_icsd_028230_2,3643
Li1I1_sg85_icsd_028230_2,3643
Mg1S1_sg99_icsd_107010_2,3643
Mg1O1_sg64_icsd_160382_2,3643
Mg1O1_sg25_icsd_659843_2,3643
Mg1S1_sg67_icsd_182545_1,3643
Li1F1_sg64_icsd_160382_1,3643
Li1F1_sg129_icsd_182250_2,3643
Li1F1_sg86_icsd_246785_1,408
Na1F1_sg86_icsd_246785_1,408
Mg1O1_sg136_icsd_654407_1,408
Zn1Sn1N2_sg92_icsd_030249_2,408
Li1F1_sg136_icsd_654407_1,408
Zn1Sn1N2_sg92_icsd_030249_1,408
Zn1S1_sg164_icsd_060168_1,408
Li1F1_sg136_icsd_654407_2,408
K1Cl1_sg86_icsd_246785_2,408
Mg1O1_sg136_icsd_654407_2,408
Na1F1_sg136_icsd_654407_1,408
Na1Cl1_sg86_icsd_246785_1,408
Mg1O1_sg86_icsd_246785_2,408
Zn1S1_sg58_icsd_081339_2,408
Zn1S1_sg71_icsd_073175_1,408
Zn1S1_sg71_icsd_089535_2,408
Mg1S1_sg136_icsd_654407_1,408
Li1F1_sg86_icsd_246785_2,408
Zn1S1_sg15_icsd_184514_1,408
Zn1S1_sg71_icsd_089535_1,408
Zn1S1_sg140_icsd_090897_1,408
Na1F1_sg86_icsd_246785_2,408
Zn1S1_sg58_icsd_081339_1,408
Zn1S1_sg86_icsd_246785_1,408
Mg1S1_sg136_icsd_654407_2,408
Na1F1_sg136_icsd_654407_2,408
Mg1S1_sg86_icsd_246785_1,408
Mg1O1_sg86_icsd_246785_1,408
Zn1Hg1S2_sg187_icsd_654688_2,3593
Na1Sc1S2_sg187_icsd_049652_1,3593
Na1Sc1S2_sg194_icsd_042927_1,3593
Na1Sc1S2_sg187_icsd_654688_1,3593
Zn1Ge1N2_sg194_icsd_602832_1,3593
Zn1Cd1O2_sg194_icsd_042927_2,3593
Zn1Hg1S2_sg194_icsd_602832_2,3593
Zn1Cd1O2_sg187_icsd_654688_2,3593
Zn1Cd1O2_sg59_icsd_080372_1,3593
Na1Sc1S2_sg194_icsd_602832_1,3593
K1La1S2_sg59_icsd_080372_2,3593
K1La1S2_sg194_icsd_602832_1,3593
Zn1Ge1N2_sg194_icsd_246585_1,3593
Zn1Ge1N2_sg194_icsd_042927_1,3593
Zn1Cd1O2_sg194_icsd_246585_2,3593
Na1Sc1S2_sg194_icsd_246585_1,3593
Zn1Hg1S2_sg194_icsd_042927_2,3593
Zn1Cd1O2_sg187_icsd_049652_2,3593
Zn1Cd1O2_sg63_icsd_415220_1,3593
Zn1Ge1N2_sg187_icsd_654688_1,3593
K1La1S2_sg187_icsd_049652_1,3593
Zn1Ge1N2_sg187_icsd_049652_1,3593
K1La1S2_sg194_icsd_042927_1,3593
Zn1Hg1S2_sg194_icsd_246585_2,3593
K1La1S2_sg194_icsd_246585_1,3593
K1La1S2_sg187_icsd_654688_1,3593
Zn1Ge1N2_sg59_icsd_080372_2,3593
Na3P1_sg194_icsd_638408_1,256
K3P1_sg193_icsd_042470_1,256
K1Br1_sg194_icsd_262069_2,256
Li3P1_sg194_icsd_055879_1,256
Li3P1_sg127_icsd_410794_1,256
Li3P1_sg36_icsd_039441_1,256
Na3P1_sg164_icsd_016247_1,256
Li3P1_sg164_icsd_016247_1,256
Li3P1_sg163_icsd_024082_1,256
Na1Sc1S2_sg194_icsd_000262_1,256
Li3P1_sg60_icsd_050731_1,256
Li3P1_sg193_icsd_042470_1,256
Na3P1_sg193_icsd_042470_1,256
K3P1_sg164_icsd_016247_1,256
Na3P1_sg163_icsd_029013_1,256
K3P1_sg194_icsd_055879_1,256
Li3P1_sg19_icsd_035133_1,256
Li3P1_sg163_icsd_029013_1,256
K1Cl1_sg194_icsd_262069_2,256
Li3P1_sg40_icsd_030411_1,256
K3P1_sg163_icsd_029013_1,256
Na3P1_sg194_icsd_055879_1,256
Li3P1_sg33_icsd_035132_1,256
Li3P1_sg18_icsd_026765_1,256
Li3P1_sg194_icsd_638408_1,256
K3P1_sg194_icsd_638408_1,256
Zn1Cl2_sg198_icsd_100568_1,1737
Zn1I2_sg29_icsd_041401_1,1737
Mg1Cl2_sg1_icsd_010422_1,1737
Zn1Cl2_sg1_icsd_010422_1,1737
Zn1Cl2_sg205_icsd_109339_1,1737
Mg1Cl2_sg29_icsd_041401_1,1737
Mg1Cl2_sg61_icsd_016694_1,1737
Mg1Br2_sg61_icsd_016694_1,1737
Zn1Cl2_sg205_icsd_053068_1,1737
Zn1I2_sg205_icsd_053068_1,1737
Mg1Br2_sg198_icsd_100568_1,1737
Zn1Cl2_sg29_icsd_041401_1,1737
Zn1I2_sg1_icsd_010422_1,1737
Zn1Br2_sg1_icsd_010422_1,1737
Mg1Cl2_sg205_icsd_109339_1,1737
Mg1Cl2_sg198_icsd_100568_1,1737
Zn1I2_sg205_icsd_109339_1,1737
Mg1Br2_sg205_icsd_053068_1,1737
Zn1I2_sg198_icsd_100568_1,1737
Mg1Br2_sg29_icsd_041401_1,1737
Mg1Cl2_sg205_icsd_053068_1,1737
Mg1Br2_sg1_icsd_010422_1,1737
Zn1Br2_sg198_icsd_100568_1,1737
Zn1Br2_sg29_icsd_041401_1,1737
Zn1Br2_sg205_icsd_053068_1,1737
Zn1I2_sg111_icsd_012167_1,1737
Zn1Cl2_sg149_icsd_033575_1,7290
Zn1I2_sg149_icsd_024651_1,7290
Zn1I2_sg162_icsd_159904_1,7290
Mg1Cl2_sg149_icsd_024651_1,7290
Mg1Br2_sg162_icsd_159904_1,7290
Zn1Br2_sg162_icsd_159904_1,7290
Zn1I2_sg162_icsd_167900_1,7290
Zn1Cl2_sg162_icsd_159904_1,7290
Zn1Cl2_sg162_icsd_167900_1,7290
Zn1Br2_sg162_icsd_065700_1,7290
Mg1Cl2_sg149_icsd_033575_1,7290
Mg1Cl2_sg162_icsd_159904_1,7290
Zn1I2_sg149_icsd_033575_1,7290
Zn1Cl2_sg149_icsd_024651_1,7290
Zn1Br2_sg149_icsd_033575_1,7290
Mg1Br2_sg162_icsd_065700_1,7290
Zn1Cl2_sg162_icsd_065700_1,7290
Mg1Cl2_sg162_icsd_167900_1,7290
Mg1Cl2_sg162_icsd_065700_1,7290
Mg1Br2_sg149_icsd_024651_1,7290
Zn1I2_sg162_icsd_065700_1,7290
Zn1Br2_sg149_icsd_024651_1,7290
Mg1Br2_sg149_icsd_033575_1,7290
Mg1Br2_sg162_icsd_167900_1,7290
Zn1Br2_sg162_icsd_167900_1,7290
Li2Hf1I6_sg162_icsd_002644_1,7290
Na1F1_sg140_icsd_052050_2,7326
Li2F1I1_sg140_icsd_028833_2,7326
K1La1S2_sg123_icsd_418606_1,7326
Na1Sc1S2_sg140_icsd_028833_1,7326
Li1I1_sg140_icsd_052050_1,7326
Na1Sc1S2_sg123_icsd_418606_1,7326
Mg1Hf1N2_sg140_icsd_028833_1,7326
Li1Br1_sg140_icsd_052050_2,7326
Zn1Sn1N2_sg123_icsd_418606_2,7326
Zn1Hg1S2_sg123_icsd_418606_2,7326
Zn1Sn1N2_sg140_icsd_028833_2,7326
Mg1Hf1N2_sg123_icsd_418606_1,7326
Mg1S1_sg140_icsd_052050_1,7326
Zn1Sn1N2_sg123_icsd_418606_1,7326
Zn1Ge1N2_sg123_icsd_418606_2,7326
Zn1Ge1N2_sg140_icsd_028833_2,7326
Zn1Cd1O2_sg123_icsd_418606_2,7326
Na1F1_sg140_icsd_052050_1,7326
Li1F1_sg140_icsd_052050_1,7326
Mg1Hf1N2_sg123_icsd_418606_2,7326
Zn1Ge1N2_sg123_icsd_418606_1,7326
Li1Br1_sg140_icsd_052050_1,7326
Li1F1_sg140_icsd_052050_2,7326
Li2F1I1_sg123_icsd_418606_2,7326
Mg1O1_sg140_icsd_052050_2,7326
Mg1O1_sg140_icsd_052050_1,7326
Na3Sb1O4_sg223_icsd_631533_1,3288
Li4Hg1O3_sg223_icsd_631533_1,3288
Li4Br1I3_sg223_icsd_084667_1,3288
K4F3Cl1_sg223_icsd_084667_1,3288
Li4Br1I3_sg223_icsd_631533_1,3288
Mg3W1N4_sg223_icsd_631533_1,3288
Li1Cd4N3_sg223_icsd_631533_1,3288
Na4Br3I1_sg218_icsd_028836_1,3288
Na4Br3I1_sg223_icsd_631533_1,3288
Na1Hg4P3_sg223_icsd_084667_1,3288
Na4Br3I1_sg223_icsd_084667_1,3288
Li4Hg1O3_sg223_icsd_084667_1,3288
Zn3Cd1O4_sg223_icsd_631533_1,3288
K4F3Cl1_sg218_icsd_028836_1,3288
Zn3Cd1O4_sg223_icsd_084667_1,3288
Li1Cd4N3_sg218_icsd_028836_1,3288
Mg3Zn1S4_sg223_icsd_631533_1,3288
Na3Sb1O4_sg223_icsd_084667_1,3288
Mg3W1N4_sg223_icsd_084667_1,3288
Na1Hg4P3_sg223_icsd_631533_1,3288
Li1Cd4N3_sg223_icsd_084667_1,3288
Na1Hg4P3_sg218_icsd_028836_1,3288
K4F3Cl1_sg223_icsd_631533_1,3288
Li4Hg1O3_sg218_icsd_028836_1,3288
Mg3Zn1S4_sg223_icsd_084667_1,3288
Li2Hf1N2_sg147_icsd_627162_1,249
Li2Hf1N2_sg15_icsd_422300_2,249
Li2Hf1N2_sg65_icsd_020083_2,249
Li2Hf1N2_sg2_icsd_071626_1,249
Li2Hf1N2_sg147_icsd_016232_1,249
Li2Hf1N2_sg10_icsd_422527_1,249
Li2Hf1N2_sg12_icsd_025631_1,249
Li2Hf1N2_sg12_icsd_411341_2,249
Li2Hf1N2_sg12_icsd_174134_1,249
Li2Hf1N2_sg164_icsd_400348_2,249
Li2Hf1N2_sg164_icsd_094478_2,249
Li2Hf1N2_sg164_icsd_073874_2,249
Li2Hf1N2_sg2_icsd_071626_2,249
Li2Hf1N2_sg63_icsd_014110_1,249
Li2Hf1N2_sg164_icsd_400348_1,249
Li2Hf1N2_sg55_icsd_079601_2,249
Li2Hf1N2_sg164_icsd_094478_1,249
Li2Hf1N2_sg72_icsd_067386_2,249
Li2Hf1N2_sg147_icsd_016232_2,249
Li2Hf1N2_sg2_icsd_098244_2,249
Li2Hf1N2_sg11_icsd_097682_1,249
Li2Hf1N2_sg164_icsd_073874_1,249
Li2Hf1N2_sg147_icsd_627162_2,249
Li2Hf1N2_sg71_icsd_641302_2,249
Li2Hf1N2_sg10_icsd_165529_1,249
Mg2Br1N1_sg3_icsd_152619_2,1586
Mg2Br1N1_sg154_icsd_069739_2,1586
Mg2Br1N1_sg15_icsd_056836_1,1586
Mg2Br1N1_sg3_icsd_152619_1,1586
Mg2Br1N1_sg166_icsd_073482_1,1586
Mg2Br1N1_sg51_icsd_016325_1,1586
Mg2Br1N1_sg15_icsd_056836_2,1586
Mg2Br1N1_sg63_icsd_024885_2,1586
Mg2Br1N1_sg9_icsd_016578_2,1586
Mg2Br1N1_sg123_icsd_069124_2,1586
Mg2Br1N1_sg166_icsd_073482_2,1586
Mg2Br1N1_sg166_icsd_088573_1,1586
Mg2Br1N1_sg5_icsd_085130_1,1586
Mg2Br1N1_sg154_icsd_069739_1,1586
Mg2Br1N1_sg11_icsd_026341_1,1586
Mg2Br1N1_sg14_icsd_093880_2,1586
Mg2Br1N1_sg187_icsd_074703_1,1586
Mg2Br1N1_sg5_icsd_085130_2,1586
Mg2Br1N1_sg12_icsd_165326_2,1586
Mg2Br1N1_sg164_icsd_044340_1,1586
Mg2Br1N1_sg164_icsd_044340_2,1586
Mg2Br1N1_sg12_icsd_165326_1,1586
Mg2Br1N1_sg9_icsd_016578_1,1586
Mg2Br1N1_sg14_icsd_093880_1,1586
Zn1Sn1N2_sg194_icsd_096088_2,95
Na1F1_sg187_icsd_030088_2,95
Zn1Hg1S2_sg194_icsd_074698_2,95
Zn1S1_sg187_icsd_030088_2,95
Na1Cl1_sg187_icsd_030088_2,95
Li1F1_sg187_icsd_030088_1,95
K1Y1O2_sg187_icsd_074703_1,95
Zn1Zr1P2_sg194_icsd_074698_1,95
Mg1S1_sg187_icsd_030088_2,95
Zn1Cd1O2_sg194_icsd_074698_2,95
K1Y1O2_sg194_icsd_074698_1,95
Na1Cl1_sg187_icsd_030088_1,95
Zn1Cd1O2_sg187_icsd_074703_2,95
Na1F1_sg187_icsd_030088_1,95
Zn1Cd1O2_sg194_icsd_096088_2,95
Zn1Si1N2_sg187_icsd_074703_1,95
Zn1Sn1N2_sg194_icsd_074698_2,95
Zn1Zr1P2_sg194_icsd_096088_1,95
Zn1Zr1P2_sg187_icsd_074703_1,95
Zn1Hg1S2_sg187_icsd_074703_2,95
Zn1Si1N2_sg194_icsd_096088_1,95
Mg1O1_sg187_icsd_030088_2,95
Zn1Sn1N2_sg187_icsd_074703_2,95
Mg1S1_sg187_icsd_030088_1,95
K1Br1_sg80_icsd_027040_2,3626
Li1I1_sg80_icsd_027040_2,3626
K1Br1_sg109_icsd_645167_2,3626
Mg1S1_sg80_icsd_027040_1,3626
Na1Cl1_sg109_icsd_645167_2,3626
Mg1S1_sg109_icsd_645167_2,3626
Li1I1_sg80_icsd_027040_1,3626
K1Cl1_sg109_icsd_645167_1,3626
Li1I1_sg109_icsd_645167_2,3626
Na1Cl1_sg80_icsd_027040_2,3626
Li1Br1_sg109_icsd_645167_1,3626
Li1Br1_sg80_icsd_027040_1,3626
Na1Cl1_sg109_icsd_645167_1,3626
K1Cl1_sg80_icsd_027040_1,3626
K1Cl1_sg109_icsd_645167_2,3626
Li1I1_sg109_icsd_645167_1,3626
Li1Br1_sg80_icsd_027040_2,3626
Li1Br1_sg109_icsd_645167_2,3626
Mg1S1_sg109_icsd_645167_1,3626
K1Br1_sg109_icsd_645167_1,3626
Mg1S1_sg80_icsd_027040_2,3626
Na1Cl1_sg80_icsd_027040_1,3626
K1Cl1_sg80_icsd_027040_2,3626
K1Br1_sg80_icsd_027040_1,3626
Zn1Sn1N2_sg12_icsd_082993_1,914
Zn1Sn1N2_sg141_icsd_040486_2,914
Na1Sc1S2_sg7_icsd_248117_2,914
Zn1Sn1N2_sg141_icsd_202500_2,914
K1La1S2_sg7_icsd_248117_1,914
Mg1Hf1N2_sg109_icsd_027091_1,914
Zn1Sn1N2_sg14_icsd_093880_1,914
K1La1S2_sg7_icsd_248117_2,914
Mg3W1N4_sg139_icsd_109090_1,914
Mg1Hf1N2_sg12_icsd_049016_2,914
Zn1Sn1N2_sg7_icsd_248117_2,914
Zn1Sn1N2_sg2_icsd_015098_2,914
Na1Sc1S2_sg7_icsd_248117_1,914
Zn1Sn1N2_sg12_icsd_082993_2,914
Zn1Sn1N2_sg7_icsd_248117_1,914
Mg1Hf1N2_sg12_icsd_049016_1,914
Zn1Sn1N2_sg141_icsd_202500_1,914
Zn1Sn1N2_sg141_icsd_040486_1,914
Mg1Hf1N2_sg141_icsd_027090_2,914
Mg1Hf1N2_sg109_icsd_027091_2,914
Mg1Hf1N2_sg141_icsd_027090_1,914
Zn1Sn1N2_sg11_icsd_026341_1,914
Mg1Br2_sg194_icsd_016305_1,905
Zn1Cl2_sg160_icsd_038401_1,905
Zn1Br2_sg194_icsd_016305_1,905
Mg1Cl2_sg194_icsd_095570_1,905
Zn1Cl2_sg194_icsd_095570_1,905
Zn1Cl2_sg187_icsd_650091_1,905
Mg1Cl2_sg160_icsd_038401_1,905
Mg1Cl2_sg194_icsd_043697_1,905
Zn1Cl2_sg194_icsd_084180_1,905
Mg1Cl2_sg194_icsd_084180_1,905
Mg1Br2_sg187_icsd_024316_1,905
Zn1Br2_sg187_icsd_024316_1,905
Mg1Cl2_sg194_icsd_016305_1,905
Mg1Br2_sg187_icsd_650091_1,905
Mg1Cl2_sg187_icsd_650091_1,905
Mg1Br2_sg194_icsd_095570_1,905
Zn1Cl2_sg194_icsd_043697_1,905
Zn1Cl2_sg187_icsd_024316_1,905
Mg1Br2_sg160_icsd_038401_1,905
Mg1Br2_sg194_icsd_084180_1,905
Mg1Br2_sg194_icsd_043697_1,905
Mg1Cl2_sg187_icsd_024316_1,905
Mg2Br1N1_sg38_icsd_617582_1,127
Li2F1I1_sg123_icsd_418606_1,127
Li2F1I1_sg74_icsd_152544_2,127
Li2F1I1_sg111_icsd_027653_1,127
Li2F1I1_sg8_icsd_026764_2,127
Mg2Br1N1_sg57_icsd_107616_1,127
Li2F1I1_sg139_icsd_039304_2,127
Li2F1I1_sg38_icsd_617582_1,127
Li2F1I1_sg108_icsd_153907_1,127
Li2F1I1_sg58_icsd_166341_1,127
Mg2Br1N1_sg123_icsd_418606_1,127
Li2F1I1_sg138_icsd_059936_2,127
Li2F1I1_sg113_icsd_160121_2,127
Li2F1I1_sg113_icsd_160121_1,127
K1Sb1N2_sg74_icsd_152544_2,127
Mg2Br1N1_sg108_icsd_153907_2,127
Li2F1I1_sg111_icsd_027653_2,127
Li2F1I1_sg20_icsd_049007_1,127
Li2F1I1_sg15_icsd_418279_2,127
Li2F1I1_sg63_icsd_063588_2,127
Li2F1I1_sg53_icsd_071063_1,127
Li2F1I1_sg15_icsd_056836_2,127
Li1I1_sg64_icsd_160382_1,333
Mg1O1_sg25_icsd_043951_1,333
Zn1S1_sg99_icsd_107010_2,333
Zn1S1_sg67_icsd_182545_2,333
Mg1O1_sg67_icsd_182545_2,333
Mg1S1_sg25_icsd_659843_2,333
Mg1S1_sg25_icsd_043951_1,333
Na1F1_sg25_icsd_659843_1,333
Li1F1_sg25_icsd_043951_2,333
Mg1O1_sg25_icsd_043951_2,333
Li1F1_sg67_icsd_182545_2,333
Mg1S1_sg25_icsd_659843_1,333
Mg1S1_sg99_icsd_107010_1,333
Na1F1_sg99_icsd_107010_2,333
Mg1S1_sg25_icsd_043951_2,333
Li1Br1_sg64_icsd_160382_1,333
Li1F1_sg25_icsd_043951_1,333
Na1F1_sg25_icsd_659843_2,333
Mg1O1_sg67_icsd_182545_1,333
Li1I1_sg99_icsd_107010_2,333
Zn1S1_sg99_icsd_107010_1,333
Na1Sc1S2_sg113_icsd_160121_1,443
Zn1Cd1O2_sg115_icsd_183790_2,443
Zn1Ti1F2Br4_sg121_icsd_099293_1,443
Zn1Zr1P2_sg115_icsd_183790_1,443
K1Y1O2_sg115_icsd_183790_1,443
Zn1Si1N2_sg111_icsd_027653_1,443
K1La1S2_sg115_icsd_183790_1,443
Zn1Si1N2_sg113_icsd_160121_1,443
Zn1Zr1P2_sg115_icsd_183790_2,443
Zn1Ti1F2Br4_sg121_icsd_099293_2,443
K1La1S2_sg115_icsd_183790_2,443
Zn1Si1N2_sg36_icsd_009684_2,443
Zn1Ti1F2Br4_sg81_icsd_181166_1,443
Zn1Si1N2_sg111_icsd_027653_2,443
K1Y1O2_sg115_icsd_183790_2,443
Zn1Si1N2_sg115_icsd_183790_2,443
Zn1Ti1F2Br4_sg81_icsd_181166_2,443
Zn1Hg1S2_sg115_icsd_183790_1,443
Zn1Si1N2_sg115_icsd_183790_1,443
Zn1Hg1S2_sg115_icsd_183790_2,443
Li1F1_sg221_icsd_029121_1,7341
K1Br1_sg221_icsd_029121_1,7341
Li1I1_sg221_icsd_029121_1,7341
K1Cl1_sg221_icsd_029121_1,7341
Na1Cl1_sg221_icsd_029121_1,7341
Mg1O1_sg221_icsd_029121_2,7341
Na1Cl1_sg221_icsd_029121_2,7341
Zn1S1_sg221_icsd_029121_2,7341
Li1Br1_sg221_icsd_029121_2,7341
Zn1S1_sg221_icsd_029121_1,7341
Li1Br1_sg221_icsd_029121_1,7341
Li1F1_sg221_icsd_029121_2,7341
Li1I1_sg221_icsd_029121_2,7341
K1Cl1_sg221_icsd_029121_2,7341
Mg1S1_sg221_icsd_029121_2,7341
Na1F1_sg221_icsd_029121_2,7341
K1Br1_sg221_icsd_029121_2,7341
Na1F1_sg221_icsd_029121_1,7341
Mg1O1_sg221_icsd_029121_1,7341
Mg1S1_sg221_icsd_029121_1,7341
Zn1Sn1N2_sg141_icsd_027090_1,22
Zn1Sn1N2_sg12_icsd_049016_2,22
K1La1S2_sg109_icsd_027091_1,22
K1La1S2_sg12_icsd_049016_2,22
Zn1Hg1S2_sg109_icsd_027091_1,22
Zn1Sn1N2_sg12_icsd_049016_1,22
Zn1Sn1N2_sg141_icsd_027090_2,22
K1La1S2_sg12_icsd_049016_1,22
K1La1S2_sg141_icsd_027090_1,22
Zn1Hg1S2_sg141_icsd_027090_1,22
K1La1S2_sg109_icsd_027091_2,22
K1La1S2_sg141_icsd_027090_2,22
K1La1S2_sg92_icsd_030249_2,22
Zn1Sn1N2_sg109_icsd_027091_2,22
Zn1Hg1S2_sg141_icsd_027090_2,22
K1La1S2_sg92_icsd_030249_1,22
Zn1Sn1N2_sg109_icsd_027091_1,22
K1La1S2_sg57_icsd_107616_1,22
Na1Cl1_sg140_icsd_052050_2,718
Na1Al1O2_sg123_icsd_418606_2,718
Na1Cl1_sg140_icsd_052050_1,718
Li1I1_sg140_icsd_052050_2,718
Li1B1O2_sg123_icsd_418606_2,718
Na1Sc1S2_sg123_icsd_418606_2,718
Na1Sc1S2_sg140_icsd_028833_2,718
K1Y1O2_sg123_icsd_418606_2,718
Na1Al1O2_sg140_icsd_028833_2,718
K1Y1O2_sg140_icsd_028833_2,718
Zn1Cd1O2_sg123_icsd_418606_1,718
Zn1Si1N2_sg123_icsd_418606_2,718
K1La1S2_sg140_icsd_028833_2,718
Zn1Zr1P2_sg123_icsd_418606_1,718
Mg2Cl1P1_sg123_icsd_418606_1,718
K1Br1_sg140_icsd_052050_1,718
Mg2Cl1P1_sg140_icsd_028833_2,718
Zn1Si1N2_sg140_icsd_028833_2,718
Na1F1_sg138_icsd_074985_1,1707
Li1F1_sg62_icsd_055237_2,1707
Mg1S1_sg138_icsd_074985_1,1707
K1Cl1_sg138_icsd_074985_2,1707
Mg1O1_sg138_icsd_074985_2,1707
Li1F1_sg138_icsd_074985_2,1707
Li1F1_sg138_icsd_074985_1,1707
Li1Br1_sg138_icsd_074985_2,1707
Mg1O1_sg138_icsd_074985_1,1707
Na1F1_sg138_icsd_074985_2,1707
Li1Br1_sg138_icsd_074985_1,1707
K1Cl1_sg138_icsd_074985_1,1707
Na1Cl1_sg138_icsd_074985_2,1707
Zn1S1_sg138_icsd_074985_2,1707
Mg1S1_sg138_icsd_074985_2,1707
K1Br1_sg138_icsd_074985_1,1707
Na1Cl1_sg138_icsd_074985_1,1707
Zn1S1_sg138_icsd_074985_1,1707
Na1Hf1W1O1N3_sg187_icsd_154684_8,449
Li1Cd1P1O3S1_sg187_icsd_262231_7,449
K1Ge1P1Br1N3_sg187_icsd_154684_7,449
Na1Hf1W1O1N3_sg187_icsd_154682_14,449
K1Ge1P1Br1N3_sg187_icsd_262231_1,449
Li1Cd1P1O3S1_sg187_icsd_154682_16,449
Li1Cd1P1O3S1_sg187_icsd_262231_16,449
Li1Cd1P1O3S1_sg187_icsd_154682_7,449
Na1Hf1W1O1N3_sg187_icsd_262231_8,449
K1Ge1P1Br1N3_sg187_icsd_154682_7,449
K1Ge1P1Br1N3_sg174_icsd_248042_7,449
Na1Hf1W1O1N3_sg187_icsd_262231_2,449
Na1Hf1W1O1N3_sg187_icsd_154682_2,449
Na1Hf1W1O1N3_sg187_icsd_154682_8,449
Na1Hf1W1O1N3_sg187_icsd_154684_2,449
Na1Hf1W1O1N3_sg187_icsd_154682_16,449
Li1Cd1P1O3S1_sg187_icsd_154684_16,449
K1Ge1P1Br1N3_sg187_icsd_262231_7,449
Li1F1_sg166_icsd_184500_1,7334
Li1I1_sg166_icsd_184500_2,7334
K1Cl1_sg166_icsd_184500_1,7334
Mg1O1_sg166_icsd_184500_2,7334
Li1F1_sg166_icsd_184500_2,7334
Mg1S1_sg166_icsd_184500_2,7334
Na1Cl1_sg166_icsd_184500_2,7334
Na1Cl1_sg166_icsd_184500_1,7334
K1Br1_sg166_icsd_184500_2,7334
K1Cl1_sg166_icsd_184500_2,7334
Li1Br1_sg166_icsd_184500_2,7334
Na1F1_sg166_icsd_184500_2,7334
Mg1O1_sg166_icsd_184500_1,7334
Zn1S1_sg166_icsd_184500_2,7334
K1Br1_sg166_icsd_184500_1,7334
Na1F1_sg166_icsd_184500_1,7334
K1Sb1N2_sg14_icsd_093880_2,1029
K1Sb1N2_sg9_icsd_016578_2,1029
K1Sb1N2_sg166_icsd_073482_2,1029
K1Sb1N2_sg15_icsd_056836_2,1029
K1Sb1N2_sg14_icsd_093880_1,1029
K1Sb1N2_sg5_icsd_085130_1,1029
K1Sb1N2_sg164_icsd_044340_2,1029
K1Sb1N2_sg3_icsd_152619_1,1029
K1Sb1N2_sg3_icsd_152619_2,1029
K1Sb1N2_sg166_icsd_073482_1,1029
K1Sb1N2_sg9_icsd_016578_1,1029
K1Sb1N2_sg164_icsd_044340_1,1029
K1Sb1N2_sg140_icsd_028833_2,1029
K1Sb1N2_sg15_icsd_056836_1,1029
K1Sb1N2_sg154_icsd_069739_2,1029
K1Sb1N2_sg5_icsd_085130_2,1029
Li1F1_sg10_icsd_032714_1,901
Li1F1_sg40_icsd_002431_2,901
Mg1O1_sg40_icsd_002431_1,901
Li1F1_sg40_icsd_002431_1,901
Mg1O1_sg63_icsd_100672_2,901
Mg1O1_sg63_icsd_100672_1,901
Li1F1_sg10_icsd_032714_2,901
Mg1O1_sg40_icsd_002431_2,901
Li1F1_sg63_icsd_100672_1,901
Li1F1_sg58_icsd_081339_1,901
Mg1O1_sg58_icsd_081339_2,901
Li1F1_sg58_icsd_081339_2,901
Li1F1_sg63_icsd_100672_2,901
Mg1O1_sg10_icsd_032714_1,901
Mg1O1_sg58_icsd_081339_1,901
Mg1O1_sg10_icsd_032714_2,901
Zn1Cd1F4_sg65_icsd_026428_1,3340
Zn1Cd1F4_sg33_icsd_404394_2,3340
Zn1Cd1F4_sg55_icsd_020504_1,3340
Zn1Cd1F4_sg52_icsd_410194_1,3340
Zn1Cd1F4_sg55_icsd_020504_2,3340
Zn1Cd1F4_sg61_icsd_026060_1,3340
Zn1Cd1F4_sg74_icsd_026939_1,3340
Zn1Cd1F4_sg74_icsd_026939_2,3340
Zn1Cd1F4_sg33_icsd_404394_1,3340
Zn1Cd1F4_sg5_icsd_000937_1,3340
Zn1Cd1F4_sg40_icsd_173102_1,3340
Zn1Cd1F4_sg12_icsd_000821_1,3340
Zn1Cd1F4_sg52_icsd_410194_2,3340
Zn1Cd1F4_sg20_icsd_098380_2,3340
Zn1Cd1F4_sg65_icsd_026428_2,3340
Mg1S1_sg131_icsd_654379_2,114
Li1F1_sg131_icsd_024692_2,114
Mg1O1_sg86_icsd_056181_2,114
Li1Br1_sg131_icsd_654379_2,114
Li1F1_sg131_icsd_654379_2,114
Na1Cl1_sg131_icsd_654379_2,114
Mg1O1_sg131_icsd_654379_2,114
Mg1O1_sg131_icsd_024692_2,114
Mg1S1_sg86_icsd_056181_2,114
Li1Br1_sg131_icsd_024692_2,114
Zn1S1_sg86_icsd_056181_1,114
Li1F1_sg86_icsd_056181_2,114
Li1I1_sg131_icsd_024692_2,114
Mg1S1_sg131_icsd_024692_2,114
Na1Cl1_sg86_icsd_056181_2,114
Mg2Si1S4_sg55_icsd_400264_1,1788
Na2Zn1Br4_sg12_icsd_403035_1,1788
Na2Zn1Br4_sg74_icsd_040664_1,1788
Na2Zn1Br4_sg12_icsd_078761_1,1788
Mg2Si1S4_sg74_icsd_040664_1,1788
Mg2Si1S4_sg12_icsd_078761_1,1788
Na1La1Sn1S4_sg34_icsd_010456_5,1788
Na1La1Sn1S4_sg34_icsd_010456_6,1788
Na1La1Sn1S4_sg40_icsd_262583_2,1788
Mg2Si1S4_sg65_icsd_023265_1,1788
Na1La1Sn1S4_sg40_icsd_262583_4,1788
Na2Zn1Br4_sg65_icsd_023265_1,1788
Mg2Si1S4_sg55_icsd_031483_1,1788
Mg2Si1S4_sg12_icsd_403035_1,1788
Na1Al1O2_sg187_icsd_654688_1,757
Na1Al1O2_sg59_icsd_080372_2,757
K1Y1O2_sg194_icsd_246585_1,757
K1Y1O2_sg194_icsd_602832_1,757
Na1Al1O2_sg63_icsd_415220_2,757
K1Y1O2_sg65_icsd_009389_1,757
Na1Al1O2_sg194_icsd_246585_1,757
K1Y1O2_sg187_icsd_654688_1,757
Na1Al1O2_sg194_icsd_602832_1,757
K1Y1O2_sg63_icsd_415220_2,757
K1Y1O2_sg187_icsd_049652_1,757
Na1Al1O2_sg187_icsd_049652_1,757
K1Y1O2_sg194_icsd_042927_1,757
Na1Al1O2_sg194_icsd_042927_1,757
Zn1Br2_sg80_icsd_035181_1,1022
Mg1Hf1Cl2S2_sg63_icsd_260003_2,1022
Mg1Cl2_sg55_icsd_043098_1,1022
Mg1Cl2_sg80_icsd_035181_1,1022
Li2Ge1Br6_sg102_icsd_202705_1,1022
Li2Hf1I6_sg136_icsd_201756_1,1022
Li2Ge1Br6_sg136_icsd_078346_1,1022
Li2Ge1Br6_sg136_icsd_418676_1,1022
Mg1Br2_sg80_icsd_035181_1,1022
Zn1Cl2_sg80_icsd_035181_1,1022
Mg1Hf1Cl2S2_sg63_icsd_260003_3,1022
Mg1Cl2_sg52_icsd_062664_1,1022
Li2Ge1Br6_sg94_icsd_023173_1,1022
Li2Hf1I6_sg102_icsd_202705_1,1022
Li1F1_sg42_icsd_069042_2,913
Mg1O1_sg139_icsd_023719_2,913
Li1F1_sg139_icsd_023719_1,913
K1Cl1_sg42_icsd_069042_2,913
K1Cl1_sg42_icsd_069042_1,913
K1Cl1_sg42_icsd_069495_2,913
K1Cl1_sg42_icsd_069495_1,913
K1Br1_sg42_icsd_069042_2,913
Mg1O1_sg136_icsd_036197_2,913
K1Br1_sg42_icsd_069495_1,913
Mg1O1_sg139_icsd_023719_1,913
Na1F1_sg62_icsd_055237_1,913
Mg1O1_sg136_icsd_036197_1,913
K1Br1_sg42_icsd_069042_1,913
Li1B1O2_sg10_icsd_165971_2,1738
Li1B1O2_sg44_icsd_009265_2,1738
Li1B1O2_sg191_icsd_092308_2,1738
Li1B1O2_sg8_icsd_026764_2,1738
Li1B1O2_sg2_icsd_015098_2,1738
Li1B1O2_sg74_icsd_152544_2,1738
Li1B1O2_sg187_icsd_152483_2,1738
Li1B1O2_sg194_icsd_102034_2,1738
Li1B1O2_sg51_icsd_069767_2,1738
Li1B1O2_sg36_icsd_009684_1,1738
Li1B1O2_sg10_icsd_165971_1,1738
Li1B1O2_sg44_icsd_076000_2,1738
Li1B1O2_sg141_icsd_027090_2,1738
Li1B1O2_sg127_icsd_084003_1,1738
Zn1Al1P1Br1N3_sg187_icsd_154682_12,1713
Zn1Al1P1Br1N3_sg187_icsd_154682_22,1713
Zn1Si1P1S1N3_sg187_icsd_154682_7,1713
Zn1Al1P1Br1N3_sg187_icsd_154684_12,1713
Zn1Al1P1Br1N3_sg187_icsd_154682_6,1713
Zn1Al1P1Br1N3_sg187_icsd_154682_1,1713
K1Ge1P1Br1N3_sg187_icsd_154682_6,1713
K1La1Zn1Cl3N1_sg174_icsd_248042_2,1713
K1La1Zn1Cl3N1_sg187_icsd_262231_2,1713
Zn1Al1P1Br1N3_sg187_icsd_154684_6,1713
Zn1Al1P1Br1N3_sg187_icsd_154682_20,1713
Zn1Si1P1S1N3_sg187_icsd_154682_6,1713
Zn1Si1P1S1N3_sg187_icsd_154682_20,1713
K1Ge1P1Br1N3_sg187_icsd_154682_1,1713
Na1Cl1_sg189_icsd_076458_2,3642
Zn1S1_sg189_icsd_076458_2,3642
Mg1S1_sg189_icsd_076458_2,3642
Li1F1_sg189_icsd_076458_2,3642
Zn1S1_sg189_icsd_076458_1,3642
Mg1O1_sg189_icsd_076458_1,3642
Na1F1_sg189_icsd_076458_2,3642
Mg1O1_sg189_icsd_076458_2,3642
Na1F1_sg189_icsd_076458_1,3642
Mg1S1_sg189_icsd_076458_1,3642
Na1Cl1_sg189_icsd_076458_1,3642
Li1F1_sg189_icsd_076458_1,3642
Li1I1_sg189_icsd_076458_1,3642
Li1Br1_sg189_icsd_076458_1,3642
K1Cd1Cl3_sg74_icsd_153531_1,268
K1Cd1Cl3_sg74_icsd_079626_1,268
Na1Sb1O3_sg32_icsd_033194_2,268
Na1Sb1O3_sg74_icsd_153531_1,268
Na1Sb1O3_sg74_icsd_079626_1,268
Na1Sb1O3_sg32_icsd_033194_1,268
Na1Sb1O3_sg55_icsd_150698_2,268
Na1Sb1O3_sg12_icsd_094313_1,268
Na1Sb1O3_sg74_icsd_099473_1,268
K1Cd1Cl3_sg74_icsd_099473_1,268
Na1Sb1O3_sg74_icsd_180417_1,268
Na1Sb1O3_sg12_icsd_170791_1,268
Na1Sb1O3_sg15_icsd_183902_2,268
Na1Sb1O3_sg3_icsd_159864_2,268
Mg1Hg1F4_sg74_icsd_026939_2,1782
Mg1Hg1F4_sg65_icsd_026428_1,1782
Mg1Hg1F4_sg65_icsd_026428_2,1782
Mg1Hg1F4_sg52_icsd_410194_1,1782
Mg1Hg1F4_sg52_icsd_410194_2,1782
Mg1Hg1F4_sg20_icsd_098380_2,1782
Mg1Hg1F4_sg55_icsd_614393_2,1782
Mg1Hg1F4_sg33_icsd_404394_2,1782
Mg1Hg1F4_sg74_icsd_026939_1,1782
Mg1Hg1F4_sg11_icsd_418802_2,1782
Mg1Hg1F4_sg55_icsd_020504_2,1782
Mg1Hg1F4_sg55_icsd_020504_1,1782
Mg1Hg1F4_sg11_icsd_093052_2,1782
Mg1Si1O3_sg40_icsd_181959_2,3075
Mg1Si1O3_sg2_icsd_069655_1,3075
Mg1Si1O3_sg31_icsd_247317_1,3075
Mg1Si1O3_sg11_icsd_089343_1,3075
Mg1Si1O3_sg26_icsd_039624_1,3075
Mg1Si1O3_sg14_icsd_092047_1,3075
Mg1Si1O3_sg62_icsd_023294_1,3075
Mg1Si1O3_sg32_icsd_033194_2,3075
Mg1Si1O3_sg62_icsd_650585_1,3075
Mg1Si1O3_sg33_icsd_641844_1,3075
Mg1Si1O3_sg14_icsd_032036_1,3075
Mg1Si1O3_sg205_icsd_035555_1,3075
Mg1Si1O3_sg11_icsd_061338_2,3075
Zn1Hg1S2_sg194_icsd_096088_1,908
Zn1Hg1S2_sg194_icsd_074698_1,908
K1Cl1_sg187_icsd_030088_2,908
Zn1Ge1N2_sg194_icsd_096088_2,908
Zn1Ge1N2_sg194_icsd_074698_2,908
Zn1Cd1O2_sg194_icsd_074698_1,908
Zn1Cd1O2_sg194_icsd_096088_1,908
Zn1Ti1P2_sg194_icsd_074698_1,908
Zn1Ge1N2_sg187_icsd_074703_2,908
Zn1Ti1P2_sg187_icsd_074703_1,908
Zn1Ti1P2_sg194_icsd_096088_1,908
Zn1Cd1O2_sg187_icsd_074703_1,908
Zn1Hg1S2_sg187_icsd_074703_1,908
Na1Sb1O3_sg11_icsd_061338_2,5933
Na1Sb1O3_sg40_icsd_181959_2,5933
Na1Sb1O3_sg14_icsd_032036_1,5933
Na1Sb1O3_sg14_icsd_092047_1,5933
Na1Sb1O3_sg62_icsd_650585_1,5933
Na1Sb1O3_sg62_icsd_023294_1,5933
Na1Sb1O3_sg19_icsd_066643_2,5933
Na1Sb1O3_sg205_icsd_035555_2,5933
Na1Sb1O3_sg31_icsd_247317_1,5933
Na1Sb1O3_sg2_icsd_069655_1,5933
Na1Sb1O3_sg33_icsd_641844_1,5933
Na1Sb1O3_sg26_icsd_039624_1,5933
Na1Sb1O3_sg11_icsd_089343_1,5933
Mg2Zr1O4_sg12_icsd_403035_1,853
Zn2Sn1O4_sg12_icsd_078761_1,853
Zn2Sn1O4_sg12_icsd_403035_1,853
Mg2Zr1O4_sg65_icsd_023265_1,853
Mg2Hf1O4_sg12_icsd_078761_1,853
Zn2Sn1O4_sg65_icsd_023265_1,853
Mg2Hf1O4_sg12_icsd_403035_1,853
Mg2Hf1O4_sg74_icsd_040664_1,853
Mg2Hf1O4_sg111_icsd_072529_1,853
Mg2Zr1O4_sg12_icsd_078761_1,853
Zn2Sn1O4_sg74_icsd_040664_1,853
Mg2Zr1O4_sg74_icsd_040664_1,853
Mg2Hf1O4_sg65_icsd_023265_1,853
Na2O1_sg149_icsd_033575_1,297
Zn1F2_sg149_icsd_033575_1,297
Mg1F2_sg162_icsd_159904_1,297
Mg1F2_sg162_icsd_065700_1,297
Mg1F2_sg162_icsd_167900_1,297
Zn1F2_sg162_icsd_159904_1,297
Mg1F2_sg149_icsd_033575_1,297
Mg1F2_sg149_icsd_024651_1,297
Zn1F2_sg149_icsd_024651_1,297
Zn1F2_sg162_icsd_167900_1,297
Na2O1_sg149_icsd_024651_1,297
Zn1F2_sg162_icsd_065700_1,297
K2O1_sg117_icsd_651440_1,138
K2O1_sg107_icsd_087138_1,138
K2O1_sg99_icsd_027094_1,138
Na2O1_sg99_icsd_027094_1,138
K2O1_sg85_icsd_076255_1,138
K2O1_sg11_icsd_020725_1,138
Na2O1_sg117_icsd_651440_1,138
Na2O1_sg11_icsd_020725_1,138
Na2O1_sg85_icsd_076255_1,138
Na2O1_sg129_icsd_055885_1,138
Na2O1_sg107_icsd_087138_1,138
K2O1_sg129_icsd_055885_1,138
Li3N1_sg123_icsd_180237_1,292
Li3N1_sg123_icsd_180238_1,292
Li3P1_sg123_icsd_180238_1,292
K3P1_sg123_icsd_180238_1,292
K3N1_sg123_icsd_180238_1,292
Na3N1_sg123_icsd_180238_1,292
Li3P1_sg123_icsd_180237_1,292
K3N1_sg123_icsd_180237_1,292
Na3P1_sg123_icsd_180238_1,292
Na3P1_sg123_icsd_180237_1,292
Na3N1_sg123_icsd_180237_1,292
K3P1_sg123_icsd_180237_1,292
K1La1S2_sg166_icsd_073482_1,7332
K1La1S2_sg9_icsd_016578_2,7332
K1La1S2_sg166_icsd_073482_2,7332
K1La1S2_sg9_icsd_016578_1,7332
K1La1S2_sg164_icsd_044340_2,7332
K1La1S2_sg14_icsd_627631_2,7332
K1La1S2_sg15_icsd_056836_2,7332
K1La1S2_sg15_icsd_056836_1,7332
K1La1S2_sg5_icsd_085130_1,7332
K1La1S2_sg5_icsd_085130_2,7332
K1La1S2_sg164_icsd_044340_1,7332
K1La1S2_sg154_icsd_069739_2,7332
Li2Ge1N2_sg164_icsd_400348_2,14155
Li2Ge1N2_sg147_icsd_016232_1,14155
Li2Ge1N2_sg2_icsd_071626_1,14155
Li2Ge1N2_sg2_icsd_071626_2,14155
Li2Ge1N2_sg147_icsd_627162_2,14155
Li2Ge1N2_sg164_icsd_094478_1,14155
Li2Ge1N2_sg147_icsd_016232_2,14155
Li2Ge1N2_sg164_icsd_094478_2,14155
Li2Ge1N2_sg164_icsd_400348_1,14155
Li2Ge1N2_sg164_icsd_073874_1,14155
Li2Ge1N2_sg147_icsd_627162_1,14155
Li2Ge1N2_sg164_icsd_073874_2,14155
Mg1S1_sg141_icsd_614793_1,658
Mg1S1_sg63_icsd_100672_1,658
Li1Br1_sg63_icsd_100672_2,658
Mg1S1_sg58_icsd_081339_1,658
Mg1S1_sg40_icsd_002431_2,658
Li1Br1_sg58_icsd_081339_2,658
Mg1S1_sg58_icsd_081339_2,658
Li1Br1_sg40_icsd_002431_1,658
Mg1S1_sg40_icsd_002431_1,658
Mg1S1_sg63_icsd_100672_2,658
Li1Br1_sg40_icsd_002431_2,658
Li1Br1_sg63_icsd_100672_1,658
Na1Sc1S2_sg141_icsd_040486_2,1829
Na1Sc1S2_sg141_icsd_202500_1,1829
Na1Sc1S2_sg12_icsd_082993_1,1829
Na1Sc1S2_sg141_icsd_040486_1,1829
K1La1S2_sg141_icsd_202500_2,1829
Na1Sc1S2_sg12_icsd_082993_2,1829
K1La1S2_sg141_icsd_040486_2,1829
K1La1S2_sg141_icsd_040486_1,1829
K1La1S2_sg141_icsd_202500_1,1829
K1La1S2_sg12_icsd_082993_2,1829
K1La1S2_sg12_icsd_082993_1,1829
Na1Sc1S2_sg141_icsd_202500_2,1829
Na2Zr1P2_sg71_icsd_641302_1,14569
Na2Zr1P2_sg10_icsd_422527_1,14569
Na2Zr1P2_sg63_icsd_014110_1,14569
Na2Zr1P2_sg10_icsd_165529_1,14569
Na2Zr1P2_sg11_icsd_097682_1,14569
Na2Zr1P2_sg2_icsd_098244_2,14569
Na2Zr1P2_sg164_icsd_094478_2,14569
Na2Zr1P2_sg164_icsd_094478_1,14569
Na2Zr1P2_sg2_icsd_417297_2,14569
Na2Zr1P2_sg26_icsd_028510_2,14569
Na2Zr1P2_sg148_icsd_026720_1,14569
Na2Zr1P2_sg70_icsd_040799_1,14569
Zn1Sn1S3_sg69_icsd_180418_1,46
Zn1Zr1S3_sg140_icsd_025775_2,46
K3F1O1_sg140_icsd_025775_1,46
K3F1O1_sg12_icsd_172846_2,46
Li1Hg1Br3_sg69_icsd_180418_1,46
K3F1O1_sg69_icsd_180418_1,46
K3F1O1_sg140_icsd_025775_2,46
Zn1Sn1S3_sg140_icsd_025775_1,46
Zn1Zr1S3_sg69_icsd_180418_1,46
K3F1O1_sg127_icsd_004054_2,46
Na1Cd1I3_sg69_icsd_180418_1,46
Li1Hg1Br3_sg140_icsd_025775_1,46
Mg1Br2_sg194_icsd_022233_1,177
Zn1Cl2_sg187_icsd_076577_1,177
Mg1Cl2_sg194_icsd_022233_1,177
Mg1Br2_sg187_icsd_076577_1,177
Zn1Cl2_sg194_icsd_018133_1,177
Mg1Cl2_sg187_icsd_076577_1,177
Mg1Br2_sg194_icsd_018133_1,177
Zn1Cl2_sg194_icsd_022233_1,177
Zn1Br2_sg187_icsd_076577_1,177
Mg1Cl2_sg194_icsd_018133_1,177
Zn1Br2_sg194_icsd_022233_1,177
Zn1Br2_sg194_icsd_018133_1,177
Mg1Sc1Hg1I1O3_sg187_icsd_154684_7,178
Mg1Sc1Hg1I1O3_sg187_icsd_262231_6,178
Mg1Sc1Hg1I1O3_sg187_icsd_262231_8,178
Mg1Sc1Hg1I1O3_sg187_icsd_262231_12,178
Mg1Sc1Hg1I1O3_sg174_icsd_248042_8,178
Mg1Sc1Hg1I1O3_sg187_icsd_154684_8,178
Mg1Sc1Hg1I1O3_sg187_icsd_154682_14,178
Mg1Sc1Hg1I1O3_sg187_icsd_154684_10,178
Mg1Sc1Hg1I1O3_sg174_icsd_248042_12,178
Mg1Sc1Hg1I1O3_sg187_icsd_262231_18,178
Mg1Sc1Hg1I1O3_sg187_icsd_154682_18,178
Mg1Sc1Hg1I1O3_sg187_icsd_154682_2,178
Zn1F2_sg61_icsd_016694_1,861
Mg1F2_sg1_icsd_010422_1,861
Mg1F2_sg61_icsd_016694_1,861
Mg1F2_sg205_icsd_109339_1,861
Zn1F2_sg205_icsd_053068_1,861
Zn1F2_sg29_icsd_041401_1,861
Mg1F2_sg198_icsd_100568_1,861
Zn1F2_sg198_icsd_100568_1,861
Mg1F2_sg205_icsd_053068_1,861
Mg1F2_sg29_icsd_041401_1,861
Zn1F2_sg205_icsd_109339_1,861
Zn1F2_sg1_icsd_010422_1,861
Li4Ti1Ge1N4_sg215_icsd_414557_1,3410
Na4Y1Sb1P4_sg215_icsd_414557_2,3410
Li4Ti1Ge1N4_sg215_icsd_414557_3,3410
Li1Zn4I1O4_sg215_icsd_414557_2,3410
Li1Zn4I1O4_sg215_icsd_414557_3,3410
Li4Ti1Ge1N4_sg215_icsd_414557_4,3410
Na4Hf1Sn1P4_sg215_icsd_414557_1,3410
Li4Si1Sn1N4_sg215_icsd_414557_2,3410
Li4Si1Sn1N4_sg215_icsd_414557_3,3410
Na4Y1Sb1P4_sg215_icsd_414557_4,3410
Na4Y1Sb1P4_sg215_icsd_414557_3,3410
Zn1S1_sg205_icsd_078271_1,441
Na1Cl1_sg205_icsd_078271_2,441
Li1F1_sg205_icsd_078271_2,441
Li1Br1_sg205_icsd_078271_2,441
Li1F1_sg205_icsd_078271_1,441
Mg1S1_sg205_icsd_078271_1,441
Zn1S1_sg205_icsd_078271_2,441
Mg1O1_sg205_icsd_078271_2,441
Li1Br1_sg205_icsd_078271_1,441
Mg1O1_sg205_icsd_078271_1,441
Mg1S1_sg205_icsd_078271_2,441
Mg2Br1N1_sg67_icsd_075515_1,1283
Mg2Br1N1_sg67_icsd_075515_2,1283
Mg2Br1N1_sg59_icsd_165626_1,1283
Mg2Br1N1_sg19_icsd_152553_1,1283
Mg2Br1N1_sg13_icsd_075227_1,1283
Mg2Br1N1_sg20_icsd_280555_2,1283
Mg2Br1N1_sg62_icsd_172852_1,1283
Mg2Br1N1_sg129_icsd_246945_1,1283
Mg2Br1N1_sg129_icsd_246945_2,1283
Mg2Br1N1_sg129_icsd_082639_1,1283
Mg2Br1N1_sg13_icsd_075227_2,1283
Na2O1_sg123_icsd_051237_1,245
K2O1_sg123_icsd_051237_1,245
K2O1_sg140_icsd_023640_1,245
K2O1_sg51_icsd_051244_1,245
Na2O1_sg140_icsd_023640_1,245
Na2O1_sg73_icsd_168207_1,245
Na2O1_sg47_icsd_026650_1,245
Na2O1_sg51_icsd_051244_1,245
K2O1_sg47_icsd_026650_1,245
K2O1_sg2_icsd_051243_1,245
Na2O1_sg72_icsd_031696_1,245
Mg3N1P1_sg14_icsd_032036_1,2315
Mg3N1P1_sg2_icsd_069655_1,2315
Mg3N1P1_sg26_icsd_039624_1,2315
Mg3N1P1_sg14_icsd_092047_1,2315
Mg3N1P1_sg33_icsd_641844_2,2315
Mg3N1P1_sg62_icsd_023294_1,2315
Mg3N1P1_sg11_icsd_089343_1,2315
Mg3N1P1_sg33_icsd_641844_1,2315
Mg3N1P1_sg62_icsd_650585_1,2315
Mg3N1P1_sg137_icsd_240459_2,2315
Mg3N1P1_sg31_icsd_247317_1,2315
Li4Cl1N1_sg52_icsd_410194_1,175
Li4Cl1N1_sg63_icsd_089505_1,175
Li4Cl1N1_sg129_icsd_023691_1,175
Li4Cl1N1_sg52_icsd_410194_2,175
Li4Cl1N1_sg55_icsd_020504_1,175
Li4Cl1N1_sg65_icsd_026428_1,175
Li4Cl1N1_sg74_icsd_026939_2,175
Li4Cl1N1_sg55_icsd_020504_2,175
Li4Cl1N1_sg20_icsd_098380_2,175
Li4Cl1N1_sg20_icsd_098380_1,175
Li4Cl1N1_sg65_icsd_026428_2,175
Li2S1_sg11_icsd_020725_1,496
Li2S1_sg129_icsd_055885_1,496
Li2S1_sg99_icsd_027094_1,496
Li2S1_sg107_icsd_087138_1,496
Li2S1_sg64_icsd_651606_1,496
Li2S1_sg85_icsd_076255_1,496
Li2S1_sg96_icsd_016500_1,496
Li2S1_sg129_icsd_065739_1,496
Li2S1_sg6_icsd_039755_1,496
Li2S1_sg92_icsd_620210_1,496
Li2S1_sg117_icsd_651440_1,496
Mg1Ti1O3_sg2_icsd_069655_1,6844
Mg1Ti1O3_sg26_icsd_039624_1,6844
Mg1Ti1O3_sg19_icsd_066643_2,6844
Mg1Ti1O3_sg19_icsd_066643_1,6844
Mg1Ti1O3_sg62_icsd_650585_1,6844
Mg1Ti1O3_sg14_icsd_032036_1,6844
Mg1Ti1O3_sg14_icsd_092047_1,6844
Mg1Ti1O3_sg31_icsd_247317_1,6844
Mg1Ti1O3_sg62_icsd_023294_1,6844
Mg1Ti1O3_sg11_icsd_089343_1,6844
Mg1Ti1O3_sg11_icsd_061338_2,6844
Li4Cl1N1_sg216_icsd_002457_2,3586
Li4Cl1N1_sg216_icsd_002457_1,3586
Li4O1S1_sg216_icsd_002457_1,3586
Li4O1S1_sg216_icsd_002457_2,3586
Li4O1S1_sg196_icsd_002456_1,3586
Na1B1Cl4_sg196_icsd_002456_1,3586
Li4Cl1N1_sg196_icsd_002456_2,3586
Na1B1Cl4_sg216_icsd_002457_1,3586
Li4O1S1_sg196_icsd_002456_2,3586
Na1B1Cl4_sg216_icsd_002457_2,3586
Li4Cl1N1_sg196_icsd_002456_1,3586
Zn1Hf1Cd1O4_sg63_icsd_063477_5,1582
Zn1Hf1Cd1O4_sg63_icsd_063477_3,1582
Zn1Hf1Cd1O4_sg63_icsd_097767_5,1582
Zn1Hf1Cd1O4_sg164_icsd_077343_5,1582
Zn1Hf1Cd1O4_sg62_icsd_421845_5,1582
Zn1Hf1Cd1O4_sg34_icsd_010456_2,1582
Zn1Hf1Cd1O4_sg40_icsd_262583_3,1582
Zn1Hf1Cd1O4_sg164_icsd_077343_3,1582
Zn1Hf1Cd1O4_sg63_icsd_097767_3,1582
Zn1Hf1Cd1O4_sg159_icsd_071365_1,1582
Zn1Hf1Cd1O4_sg40_icsd_262583_5,1582
Na1F1_sg191_icsd_161110_2,7280
Li1F1_sg191_icsd_161110_2,7280
Zn1S1_sg191_icsd_161110_2,7280
Mg1S1_sg191_icsd_161110_2,7280
Mg1O1_sg191_icsd_161110_2,7280
Li2S1_sg191_icsd_182351_1,7280
Zn1S1_sg191_icsd_161110_1,7280
Li1Br1_sg191_icsd_161110_2,7280
Li1F1_sg191_icsd_161110_1,7280
Na1F1_sg191_icsd_161110_1,7280
Mg1O1_sg191_icsd_161110_1,7280
